{"frames":{"RecycleAttack0007":{"frame":{"x":6692,"y":5160,"w":512,"h":512},"rotated":false,"trimmed":false,"spriteSourceSize":{"x":0,"y":0,"w":512,"h":512},"sourceSize":{"w":512,"h":512}},"RecycleAttack0008":{"frame":{"x":5660,"y":0,"w":512,"h":512},"rotated":false,"trimmed":false,"spriteSourceSize":{"x":0,"y":0,"w":512,"h":512},"sourceSize":{"w":512,"h":512}},"RecycleAttack0009":{"frame":{"x":6176,"y":1032,"w":512,"h":512},"rotated":false,"trimmed":false,"spriteSourceSize":{"x":0,"y":0,"w":512,"h":512},"sourceSize":{"w":512,"h":512}},"RecycleGray":{"frame":{"x":6692,"y":4644,"w":512,"h":512},"rotated":false,"trimmed":false,"spriteSourceSize":{"x":0,"y":0,"w":512,"h":512},"sourceSize":{"w":512,"h":512}},"Ticket0001":{"frame":{"x":5160,"y":6172,"w":512,"h":512},"rotated":false,"trimmed":false,"spriteSourceSize":{"x":0,"y":0,"w":512,"h":512},"sourceSize":{"w":512,"h":512}},"Bank0001":{"frame":{"x":2328,"y":4628,"w":256,"h":256},"rotated":false,"trimmed":false,"spriteSourceSize":{"x":0,"y":0,"w":256,"h":256},"sourceSize":{"w":256,"h":256}},"WeatherGray":{"frame":{"x":1028,"y":4628,"w":256,"h":256},"rotated":false,"trimmed":false,"spriteSourceSize":{"x":0,"y":0,"w":256,"h":256},"sourceSize":{"w":256,"h":256}},"Weather0003":{"frame":{"x":5676,"y":6172,"w":256,"h":256},"rotated":false,"trimmed":false,"spriteSourceSize":{"x":0,"y":0,"w":256,"h":256},"sourceSize":{"w":256,"h":256}},"Weather0001":{"frame":{"x":5160,"y":5656,"w":256,"h":256},"rotated":false,"trimmed":false,"spriteSourceSize":{"x":0,"y":0,"w":256,"h":256},"sourceSize":{"w":256,"h":256}},"Weather0006":{"frame":{"x":4644,"y":5140,"w":256,"h":256},"rotated":false,"trimmed":false,"spriteSourceSize":{"x":0,"y":0,"w":256,"h":256},"sourceSize":{"w":256,"h":256}},"Ticket0002":{"frame":{"x":5660,"y":5160,"w":512,"h":512},"rotated":false,"trimmed":false,"spriteSourceSize":{"x":0,"y":0,"w":512,"h":512},"sourceSize":{"w":512,"h":512}},"Boba0001":{"frame":{"x":5144,"y":3612,"w":512,"h":512},"rotated":false,"trimmed":false,"spriteSourceSize":{"x":0,"y":0,"w":512,"h":512},"sourceSize":{"w":512,"h":512}},"Weather0002":{"frame":{"x":1548,"y":4628,"w":256,"h":256},"rotated":false,"trimmed":false,"spriteSourceSize":{"x":0,"y":0,"w":256,"h":256},"sourceSize":{"w":256,"h":256}},"Weather0005":{"frame":{"x":1808,"y":4628,"w":256,"h":256},"rotated":false,"trimmed":false,"spriteSourceSize":{"x":0,"y":0,"w":256,"h":256},"sourceSize":{"w":256,"h":256}},"Weather0008":{"frame":{"x":2068,"y":4628,"w":256,"h":256},"rotated":false,"trimmed":false,"spriteSourceSize":{"x":0,"y":0,"w":256,"h":256},"sourceSize":{"w":256,"h":256}},"Boba0005":{"frame":{"x":4628,"y":4128,"w":512,"h":512},"rotated":false,"trimmed":false,"spriteSourceSize":{"x":0,"y":0,"w":512,"h":512},"sourceSize":{"w":512,"h":512}},"Weather0004":{"frame":{"x":6192,"y":6688,"w":256,"h":256},"rotated":false,"trimmed":false,"spriteSourceSize":{"x":0,"y":0,"w":256,"h":256},"sourceSize":{"w":256,"h":256}},"Clothes0001":{"frame":{"x":1544,"y":4112,"w":512,"h":512},"rotated":false,"trimmed":false,"spriteSourceSize":{"x":0,"y":0,"w":512,"h":512},"sourceSize":{"w":512,"h":512}},"Weather0007":{"frame":{"x":1288,"y":4628,"w":256,"h":256},"rotated":false,"trimmed":false,"spriteSourceSize":{"x":0,"y":0,"w":256,"h":256},"sourceSize":{"w":256,"h":256}},"Circle0001":{"frame":{"x":2060,"y":4112,"w":512,"h":512},"rotated":false,"trimmed":false,"spriteSourceSize":{"x":0,"y":0,"w":512,"h":512},"sourceSize":{"w":512,"h":512}},"Boba0008":{"frame":{"x":2576,"y":4112,"w":512,"h":512},"rotated":false,"trimmed":false,"spriteSourceSize":{"x":0,"y":0,"w":512,"h":512},"sourceSize":{"w":512,"h":512}},"Boba0009":{"frame":{"x":3092,"y":4112,"w":512,"h":512},"rotated":false,"trimmed":false,"spriteSourceSize":{"x":0,"y":0,"w":512,"h":512},"sourceSize":{"w":512,"h":512}},"Boba0012":{"frame":{"x":4112,"y":0,"w":512,"h":512},"rotated":false,"trimmed":false,"spriteSourceSize":{"x":0,"y":0,"w":512,"h":512},"sourceSize":{"w":512,"h":512}},"Clothes0002":{"frame":{"x":4112,"y":516,"w":512,"h":512},"rotated":false,"trimmed":false,"spriteSourceSize":{"x":0,"y":0,"w":512,"h":512},"sourceSize":{"w":512,"h":512}},"Boba0003":{"frame":{"x":4112,"y":1032,"w":512,"h":512},"rotated":false,"trimmed":false,"spriteSourceSize":{"x":0,"y":0,"w":512,"h":512},"sourceSize":{"w":512,"h":512}},"Boba0007":{"frame":{"x":4112,"y":1548,"w":512,"h":512},"rotated":false,"trimmed":false,"spriteSourceSize":{"x":0,"y":0,"w":512,"h":512},"sourceSize":{"w":512,"h":512}},"Boba0010":{"frame":{"x":4112,"y":2064,"w":512,"h":512},"rotated":false,"trimmed":false,"spriteSourceSize":{"x":0,"y":0,"w":512,"h":512},"sourceSize":{"w":512,"h":512}},"Boba0013":{"frame":{"x":4112,"y":2580,"w":512,"h":512},"rotated":false,"trimmed":false,"spriteSourceSize":{"x":0,"y":0,"w":512,"h":512},"sourceSize":{"w":512,"h":512}},"Cart0002":{"frame":{"x":4112,"y":3096,"w":512,"h":512},"rotated":false,"trimmed":false,"spriteSourceSize":{"x":0,"y":0,"w":512,"h":512},"sourceSize":{"w":512,"h":512}},"Clothes0006":{"frame":{"x":4112,"y":3612,"w":512,"h":512},"rotated":false,"trimmed":false,"spriteSourceSize":{"x":0,"y":0,"w":512,"h":512},"sourceSize":{"w":512,"h":512}},"Clothes0003":{"frame":{"x":4112,"y":4128,"w":512,"h":512},"rotated":false,"trimmed":false,"spriteSourceSize":{"x":0,"y":0,"w":512,"h":512},"sourceSize":{"w":512,"h":512}},"Clothes0004":{"frame":{"x":4628,"y":0,"w":512,"h":512},"rotated":false,"trimmed":false,"spriteSourceSize":{"x":0,"y":0,"w":512,"h":512},"sourceSize":{"w":512,"h":512}},"Boba0004":{"frame":{"x":4628,"y":516,"w":512,"h":512},"rotated":false,"trimmed":false,"spriteSourceSize":{"x":0,"y":0,"w":512,"h":512},"sourceSize":{"w":512,"h":512}},"Happiness0001":{"frame":{"x":4628,"y":1032,"w":512,"h":512},"rotated":false,"trimmed":false,"spriteSourceSize":{"x":0,"y":0,"w":512,"h":512},"sourceSize":{"w":512,"h":512}},"Cart0005":{"frame":{"x":4628,"y":1548,"w":512,"h":512},"rotated":false,"trimmed":false,"spriteSourceSize":{"x":0,"y":0,"w":512,"h":512},"sourceSize":{"w":512,"h":512}},"Cart0006":{"frame":{"x":4628,"y":2064,"w":512,"h":512},"rotated":false,"trimmed":false,"spriteSourceSize":{"x":0,"y":0,"w":512,"h":512},"sourceSize":{"w":512,"h":512}},"Cart0007":{"frame":{"x":4628,"y":2580,"w":512,"h":512},"rotated":false,"trimmed":false,"spriteSourceSize":{"x":0,"y":0,"w":512,"h":512},"sourceSize":{"w":512,"h":512}},"Clothes0010":{"frame":{"x":4628,"y":3096,"w":512,"h":512},"rotated":false,"trimmed":false,"spriteSourceSize":{"x":0,"y":0,"w":512,"h":512},"sourceSize":{"w":512,"h":512}},"Tutorial0008":{"frame":{"x":0,"y":4112,"w":1024,"h":1024},"rotated":false,"trimmed":false,"spriteSourceSize":{"x":0,"y":0,"w":1024,"h":1024},"sourceSize":{"w":1024,"h":1024}},"Tutorial0003":{"frame":{"x":3084,"y":3084,"w":1024,"h":1024},"rotated":false,"trimmed":false,"spriteSourceSize":{"x":0,"y":0,"w":1024,"h":1024},"sourceSize":{"w":1024,"h":1024}},"Clothes0007":{"frame":{"x":0,"y":5140,"w":512,"h":512},"rotated":false,"trimmed":false,"spriteSourceSize":{"x":0,"y":0,"w":512,"h":512},"sourceSize":{"w":512,"h":512}},"Lazy0001":{"frame":{"x":516,"y":5140,"w":512,"h":512},"rotated":false,"trimmed":false,"spriteSourceSize":{"x":0,"y":0,"w":512,"h":512},"sourceSize":{"w":512,"h":512}},"Lazy0011":{"frame":{"x":1032,"y":5140,"w":512,"h":512},"rotated":false,"trimmed":false,"spriteSourceSize":{"x":0,"y":0,"w":512,"h":512},"sourceSize":{"w":512,"h":512}},"Clothes0009":{"frame":{"x":1548,"y":5140,"w":512,"h":512},"rotated":false,"trimmed":false,"spriteSourceSize":{"x":0,"y":0,"w":512,"h":512},"sourceSize":{"w":512,"h":512}},"Tutorial0007":{"frame":{"x":3084,"y":2056,"w":1024,"h":1024},"rotated":false,"trimmed":false,"spriteSourceSize":{"x":0,"y":0,"w":1024,"h":1024},"sourceSize":{"w":1024,"h":1024}},"Boba0002":{"frame":{"x":2580,"y":5140,"w":512,"h":512},"rotated":false,"trimmed":false,"spriteSourceSize":{"x":0,"y":0,"w":512,"h":512},"sourceSize":{"w":512,"h":512}},"Tutorial0004":{"frame":{"x":3084,"y":1028,"w":1024,"h":1024},"rotated":false,"trimmed":false,"spriteSourceSize":{"x":0,"y":0,"w":1024,"h":1024},"sourceSize":{"w":1024,"h":1024}},"Happiness0003":{"frame":{"x":3612,"y":5140,"w":512,"h":512},"rotated":false,"trimmed":false,"spriteSourceSize":{"x":0,"y":0,"w":512,"h":512},"sourceSize":{"w":512,"h":512}},"Cart0001":{"frame":{"x":4128,"y":5140,"w":512,"h":512},"rotated":false,"trimmed":false,"spriteSourceSize":{"x":0,"y":0,"w":512,"h":512},"sourceSize":{"w":512,"h":512}},"Cart0003":{"frame":{"x":5144,"y":0,"w":512,"h":512},"rotated":false,"trimmed":false,"spriteSourceSize":{"x":0,"y":0,"w":512,"h":512},"sourceSize":{"w":512,"h":512}},"Cart0004":{"frame":{"x":5144,"y":516,"w":512,"h":512},"rotated":false,"trimmed":false,"spriteSourceSize":{"x":0,"y":0,"w":512,"h":512},"sourceSize":{"w":512,"h":512}},"Clothes0008":{"frame":{"x":5144,"y":1032,"w":512,"h":512},"rotated":false,"trimmed":false,"spriteSourceSize":{"x":0,"y":0,"w":512,"h":512},"sourceSize":{"w":512,"h":512}},"WalletOver":{"frame":{"x":3084,"y":0,"w":1024,"h":1024},"rotated":false,"trimmed":false,"spriteSourceSize":{"x":0,"y":0,"w":1024,"h":1024},"sourceSize":{"w":1024,"h":1024}},"Ticket0003":{"frame":{"x":5144,"y":2064,"w":512,"h":512},"rotated":false,"trimmed":false,"spriteSourceSize":{"x":0,"y":0,"w":512,"h":512},"sourceSize":{"w":512,"h":512}},"Clothes0005":{"frame":{"x":5144,"y":2580,"w":512,"h":512},"rotated":false,"trimmed":false,"spriteSourceSize":{"x":0,"y":0,"w":512,"h":512},"sourceSize":{"w":512,"h":512}},"Happiness0002":{"frame":{"x":5144,"y":3096,"w":512,"h":512},"rotated":false,"trimmed":false,"spriteSourceSize":{"x":0,"y":0,"w":512,"h":512},"sourceSize":{"w":512,"h":512}},"Tutorial0002":{"frame":{"x":2056,"y":3084,"w":1024,"h":1024},"rotated":false,"trimmed":false,"spriteSourceSize":{"x":0,"y":0,"w":1024,"h":1024},"sourceSize":{"w":1024,"h":1024}},"Boba0006":{"frame":{"x":5144,"y":4128,"w":512,"h":512},"rotated":false,"trimmed":false,"spriteSourceSize":{"x":0,"y":0,"w":512,"h":512},"sourceSize":{"w":512,"h":512}},"Boba0011":{"frame":{"x":5144,"y":4644,"w":512,"h":512},"rotated":false,"trimmed":false,"spriteSourceSize":{"x":0,"y":0,"w":512,"h":512},"sourceSize":{"w":512,"h":512}},"Lazy0002":{"frame":{"x":0,"y":5656,"w":512,"h":512},"rotated":false,"trimmed":false,"spriteSourceSize":{"x":0,"y":0,"w":512,"h":512},"sourceSize":{"w":512,"h":512}},"Lazy0005":{"frame":{"x":516,"y":5656,"w":512,"h":512},"rotated":false,"trimmed":false,"spriteSourceSize":{"x":0,"y":0,"w":512,"h":512},"sourceSize":{"w":512,"h":512}},"Player0001":{"frame":{"x":1032,"y":5656,"w":512,"h":512},"rotated":false,"trimmed":false,"spriteSourceSize":{"x":0,"y":0,"w":512,"h":512},"sourceSize":{"w":512,"h":512}},"Lazy0003":{"frame":{"x":1548,"y":5656,"w":512,"h":512},"rotated":false,"trimmed":false,"spriteSourceSize":{"x":0,"y":0,"w":512,"h":512},"sourceSize":{"w":512,"h":512}},"Lazy0006":{"frame":{"x":2064,"y":5656,"w":512,"h":512},"rotated":false,"trimmed":false,"spriteSourceSize":{"x":0,"y":0,"w":512,"h":512},"sourceSize":{"w":512,"h":512}},"Lazy0008":{"frame":{"x":2580,"y":5656,"w":512,"h":512},"rotated":false,"trimmed":false,"spriteSourceSize":{"x":0,"y":0,"w":512,"h":512},"sourceSize":{"w":512,"h":512}},"Lazy0009":{"frame":{"x":3096,"y":5656,"w":512,"h":512},"rotated":false,"trimmed":false,"spriteSourceSize":{"x":0,"y":0,"w":512,"h":512},"sourceSize":{"w":512,"h":512}},"Lazy0010":{"frame":{"x":3612,"y":5656,"w":512,"h":512},"rotated":false,"trimmed":false,"spriteSourceSize":{"x":0,"y":0,"w":512,"h":512},"sourceSize":{"w":512,"h":512}},"Lazy0012":{"frame":{"x":4128,"y":5656,"w":512,"h":512},"rotated":false,"trimmed":false,"spriteSourceSize":{"x":0,"y":0,"w":512,"h":512},"sourceSize":{"w":512,"h":512}},"Lazy0013":{"frame":{"x":4644,"y":5656,"w":512,"h":512},"rotated":false,"trimmed":false,"spriteSourceSize":{"x":0,"y":0,"w":512,"h":512},"sourceSize":{"w":512,"h":512}},"Tutorial0001":{"frame":{"x":0,"y":0,"w":1024,"h":1024},"rotated":false,"trimmed":false,"spriteSourceSize":{"x":0,"y":0,"w":1024,"h":1024},"sourceSize":{"w":1024,"h":1024}},"Player0002":{"frame":{"x":5660,"y":516,"w":512,"h":512},"rotated":false,"trimmed":false,"spriteSourceSize":{"x":0,"y":0,"w":512,"h":512},"sourceSize":{"w":512,"h":512}},"LazyGray":{"frame":{"x":5660,"y":1032,"w":512,"h":512},"rotated":false,"trimmed":false,"spriteSourceSize":{"x":0,"y":0,"w":512,"h":512},"sourceSize":{"w":512,"h":512}},"Player0003":{"frame":{"x":5660,"y":1548,"w":512,"h":512},"rotated":false,"trimmed":false,"spriteSourceSize":{"x":0,"y":0,"w":512,"h":512},"sourceSize":{"w":512,"h":512}},"Player0004":{"frame":{"x":5660,"y":2064,"w":512,"h":512},"rotated":false,"trimmed":false,"spriteSourceSize":{"x":0,"y":0,"w":512,"h":512},"sourceSize":{"w":512,"h":512}},"Player0007":{"frame":{"x":5660,"y":2580,"w":512,"h":512},"rotated":false,"trimmed":false,"spriteSourceSize":{"x":0,"y":0,"w":512,"h":512},"sourceSize":{"w":512,"h":512}},"Lazy0004":{"frame":{"x":5660,"y":3096,"w":512,"h":512},"rotated":false,"trimmed":false,"spriteSourceSize":{"x":0,"y":0,"w":512,"h":512},"sourceSize":{"w":512,"h":512}},"Lazy0007":{"frame":{"x":5660,"y":3612,"w":512,"h":512},"rotated":false,"trimmed":false,"spriteSourceSize":{"x":0,"y":0,"w":512,"h":512},"sourceSize":{"w":512,"h":512}},"Recycle0001":{"frame":{"x":1028,"y":4112,"w":512,"h":512},"rotated":false,"trimmed":false,"spriteSourceSize":{"x":0,"y":0,"w":512,"h":512},"sourceSize":{"w":512,"h":512}},"MusicNote0001":{"frame":{"x":6412,"y":6948,"w":216,"h":216},"rotated":false,"trimmed":false,"spriteSourceSize":{"x":0,"y":0,"w":216,"h":216},"sourceSize":{"w":216,"h":216}},"Tutorial0006":{"frame":{"x":1028,"y":3084,"w":1024,"h":1024},"rotated":false,"trimmed":false,"spriteSourceSize":{"x":0,"y":0,"w":1024,"h":1024},"sourceSize":{"w":1024,"h":1024}},"Player0010":{"frame":{"x":0,"y":6172,"w":512,"h":512},"rotated":false,"trimmed":false,"spriteSourceSize":{"x":0,"y":0,"w":512,"h":512},"sourceSize":{"w":512,"h":512}},"Tutorial0013":{"frame":{"x":0,"y":3084,"w":1024,"h":1024},"rotated":false,"trimmed":false,"spriteSourceSize":{"x":0,"y":0,"w":1024,"h":1024},"sourceSize":{"w":1024,"h":1024}},"Tutorial0009":{"frame":{"x":2056,"y":2056,"w":1024,"h":1024},"rotated":false,"trimmed":false,"spriteSourceSize":{"x":0,"y":0,"w":1024,"h":1024},"sourceSize":{"w":1024,"h":1024}},"Games0001":{"frame":{"x":1548,"y":6172,"w":512,"h":512},"rotated":false,"trimmed":false,"spriteSourceSize":{"x":0,"y":0,"w":512,"h":512},"sourceSize":{"w":512,"h":512}},"Tutorial0011":{"frame":{"x":2056,"y":1028,"w":1024,"h":1024},"rotated":false,"trimmed":false,"spriteSourceSize":{"x":0,"y":0,"w":1024,"h":1024},"sourceSize":{"w":1024,"h":1024}},"Tutorial0010":{"frame":{"x":2056,"y":0,"w":1024,"h":1024},"rotated":false,"trimmed":false,"spriteSourceSize":{"x":0,"y":0,"w":1024,"h":1024},"sourceSize":{"w":1024,"h":1024}},"Tutorial0012":{"frame":{"x":1028,"y":2056,"w":1024,"h":1024},"rotated":false,"trimmed":false,"spriteSourceSize":{"x":0,"y":0,"w":1024,"h":1024},"sourceSize":{"w":1024,"h":1024}},"Player0005":{"frame":{"x":3612,"y":6172,"w":512,"h":512},"rotated":false,"trimmed":false,"spriteSourceSize":{"x":0,"y":0,"w":512,"h":512},"sourceSize":{"w":512,"h":512}},"Player0006":{"frame":{"x":4128,"y":6172,"w":512,"h":512},"rotated":false,"trimmed":false,"spriteSourceSize":{"x":0,"y":0,"w":512,"h":512},"sourceSize":{"w":512,"h":512}},"Player0009":{"frame":{"x":4644,"y":6172,"w":512,"h":512},"rotated":false,"trimmed":false,"spriteSourceSize":{"x":0,"y":0,"w":512,"h":512},"sourceSize":{"w":512,"h":512}},"Tutorial0005":{"frame":{"x":0,"y":2056,"w":1024,"h":1024},"rotated":false,"trimmed":false,"spriteSourceSize":{"x":0,"y":0,"w":1024,"h":1024},"sourceSize":{"w":1024,"h":1024}},"Lazy0014":{"frame":{"x":6176,"y":0,"w":512,"h":512},"rotated":false,"trimmed":false,"spriteSourceSize":{"x":0,"y":0,"w":512,"h":512},"sourceSize":{"w":512,"h":512}},"Recycle0005":{"frame":{"x":6176,"y":516,"w":512,"h":512},"rotated":false,"trimmed":false,"spriteSourceSize":{"x":0,"y":0,"w":512,"h":512},"sourceSize":{"w":512,"h":512}},"MusicNote0002":{"frame":{"x":6192,"y":6948,"w":216,"h":216},"rotated":false,"trimmed":false,"spriteSourceSize":{"x":0,"y":0,"w":216,"h":216},"sourceSize":{"w":216,"h":216}},"Money0001":{"frame":{"x":6176,"y":1548,"w":512,"h":512},"rotated":false,"trimmed":false,"spriteSourceSize":{"x":0,"y":0,"w":512,"h":512},"sourceSize":{"w":512,"h":512}},"Recycle0013":{"frame":{"x":6176,"y":2064,"w":512,"h":512},"rotated":false,"trimmed":false,"spriteSourceSize":{"x":0,"y":0,"w":512,"h":512},"sourceSize":{"w":512,"h":512}},"Recycle0002":{"frame":{"x":6176,"y":2580,"w":512,"h":512},"rotated":false,"trimmed":false,"spriteSourceSize":{"x":0,"y":0,"w":512,"h":512},"sourceSize":{"w":512,"h":512}},"Player0008":{"frame":{"x":6176,"y":3096,"w":512,"h":512},"rotated":false,"trimmed":false,"spriteSourceSize":{"x":0,"y":0,"w":512,"h":512},"sourceSize":{"w":512,"h":512}},"Recycle0004":{"frame":{"x":6176,"y":3612,"w":512,"h":512},"rotated":false,"trimmed":false,"spriteSourceSize":{"x":0,"y":0,"w":512,"h":512},"sourceSize":{"w":512,"h":512}},"Recycle0007":{"frame":{"x":6176,"y":4128,"w":512,"h":512},"rotated":false,"trimmed":false,"spriteSourceSize":{"x":0,"y":0,"w":512,"h":512},"sourceSize":{"w":512,"h":512}},"Recycle0011":{"frame":{"x":6176,"y":4644,"w":512,"h":512},"rotated":false,"trimmed":false,"spriteSourceSize":{"x":0,"y":0,"w":512,"h":512},"sourceSize":{"w":512,"h":512}},"Recycle0021":{"frame":{"x":6176,"y":5160,"w":512,"h":512},"rotated":false,"trimmed":false,"spriteSourceSize":{"x":0,"y":0,"w":512,"h":512},"sourceSize":{"w":512,"h":512}},"Recycle0026":{"frame":{"x":6176,"y":5676,"w":512,"h":512},"rotated":false,"trimmed":false,"spriteSourceSize":{"x":0,"y":0,"w":512,"h":512},"sourceSize":{"w":512,"h":512}},"Recycle0028":{"frame":{"x":0,"y":6688,"w":512,"h":512},"rotated":false,"trimmed":false,"spriteSourceSize":{"x":0,"y":0,"w":512,"h":512},"sourceSize":{"w":512,"h":512}},"Recycle0031":{"frame":{"x":516,"y":6688,"w":512,"h":512},"rotated":false,"trimmed":false,"spriteSourceSize":{"x":0,"y":0,"w":512,"h":512},"sourceSize":{"w":512,"h":512}},"Recycle0012":{"frame":{"x":1032,"y":6688,"w":512,"h":512},"rotated":false,"trimmed":false,"spriteSourceSize":{"x":0,"y":0,"w":512,"h":512},"sourceSize":{"w":512,"h":512}},"Recycle0014":{"frame":{"x":1548,"y":6688,"w":512,"h":512},"rotated":false,"trimmed":false,"spriteSourceSize":{"x":0,"y":0,"w":512,"h":512},"sourceSize":{"w":512,"h":512}},"Recycle0017":{"frame":{"x":2064,"y":6688,"w":512,"h":512},"rotated":false,"trimmed":false,"spriteSourceSize":{"x":0,"y":0,"w":512,"h":512},"sourceSize":{"w":512,"h":512}},"Recycle0019":{"frame":{"x":2580,"y":6688,"w":512,"h":512},"rotated":false,"trimmed":false,"spriteSourceSize":{"x":0,"y":0,"w":512,"h":512},"sourceSize":{"w":512,"h":512}},"Recycle0025":{"frame":{"x":3096,"y":6688,"w":512,"h":512},"rotated":false,"trimmed":false,"spriteSourceSize":{"x":0,"y":0,"w":512,"h":512},"sourceSize":{"w":512,"h":512}},"Recycle0008":{"frame":{"x":3612,"y":6688,"w":512,"h":512},"rotated":false,"trimmed":false,"spriteSourceSize":{"x":0,"y":0,"w":512,"h":512},"sourceSize":{"w":512,"h":512}},"Recycle0010":{"frame":{"x":4128,"y":6688,"w":512,"h":512},"rotated":false,"trimmed":false,"spriteSourceSize":{"x":0,"y":0,"w":512,"h":512},"sourceSize":{"w":512,"h":512}},"Recycle0015":{"frame":{"x":4644,"y":6688,"w":512,"h":512},"rotated":false,"trimmed":false,"spriteSourceSize":{"x":0,"y":0,"w":512,"h":512},"sourceSize":{"w":512,"h":512}},"Recycle0016":{"frame":{"x":5160,"y":6688,"w":512,"h":512},"rotated":false,"trimmed":false,"spriteSourceSize":{"x":0,"y":0,"w":512,"h":512},"sourceSize":{"w":512,"h":512}},"Recycle0018":{"frame":{"x":5676,"y":6688,"w":512,"h":512},"rotated":false,"trimmed":false,"spriteSourceSize":{"x":0,"y":0,"w":512,"h":512},"sourceSize":{"w":512,"h":512}},"Recycle0022":{"frame":{"x":6692,"y":0,"w":512,"h":512},"rotated":false,"trimmed":false,"spriteSourceSize":{"x":0,"y":0,"w":512,"h":512},"sourceSize":{"w":512,"h":512}},"Recycle0027":{"frame":{"x":6692,"y":516,"w":512,"h":512},"rotated":false,"trimmed":false,"spriteSourceSize":{"x":0,"y":0,"w":512,"h":512},"sourceSize":{"w":512,"h":512}},"Recycle0003":{"frame":{"x":6692,"y":1032,"w":512,"h":512},"rotated":false,"trimmed":false,"spriteSourceSize":{"x":0,"y":0,"w":512,"h":512},"sourceSize":{"w":512,"h":512}},"Recycle0009":{"frame":{"x":6692,"y":1548,"w":512,"h":512},"rotated":false,"trimmed":false,"spriteSourceSize":{"x":0,"y":0,"w":512,"h":512},"sourceSize":{"w":512,"h":512}},"RecycleAttack0004":{"frame":{"x":6692,"y":2064,"w":512,"h":512},"rotated":false,"trimmed":false,"spriteSourceSize":{"x":0,"y":0,"w":512,"h":512},"sourceSize":{"w":512,"h":512}},"Recycle0020":{"frame":{"x":6692,"y":2580,"w":512,"h":512},"rotated":false,"trimmed":false,"spriteSourceSize":{"x":0,"y":0,"w":512,"h":512},"sourceSize":{"w":512,"h":512}},"Recycle0023":{"frame":{"x":6692,"y":3096,"w":512,"h":512},"rotated":false,"trimmed":false,"spriteSourceSize":{"x":0,"y":0,"w":512,"h":512},"sourceSize":{"w":512,"h":512}},"Recycle0024":{"frame":{"x":6692,"y":3612,"w":512,"h":512},"rotated":false,"trimmed":false,"spriteSourceSize":{"x":0,"y":0,"w":512,"h":512},"sourceSize":{"w":512,"h":512}},"Recycle0029":{"frame":{"x":6692,"y":4128,"w":512,"h":512},"rotated":false,"trimmed":false,"spriteSourceSize":{"x":0,"y":0,"w":512,"h":512},"sourceSize":{"w":512,"h":512}},"Credits":{"frame":{"x":1028,"y":1028,"w":1024,"h":1024},"rotated":false,"trimmed":false,"spriteSourceSize":{"x":0,"y":0,"w":1024,"h":1024},"sourceSize":{"w":1024,"h":1024}},"WalletTitle":{"frame":{"x":1028,"y":0,"w":1024,"h":1024},"rotated":false,"trimmed":false,"spriteSourceSize":{"x":0,"y":0,"w":1024,"h":1024},"sourceSize":{"w":1024,"h":1024}},"Recycle0030":{"frame":{"x":3096,"y":6172,"w":512,"h":512},"rotated":false,"trimmed":false,"spriteSourceSize":{"x":0,"y":0,"w":512,"h":512},"sourceSize":{"w":512,"h":512}},"Recycle0006":{"frame":{"x":2580,"y":6172,"w":512,"h":512},"rotated":false,"trimmed":false,"spriteSourceSize":{"x":0,"y":0,"w":512,"h":512},"sourceSize":{"w":512,"h":512}},"RecycleAttack0002":{"frame":{"x":2064,"y":6172,"w":512,"h":512},"rotated":false,"trimmed":false,"spriteSourceSize":{"x":0,"y":0,"w":512,"h":512},"sourceSize":{"w":512,"h":512}},"RecycleAttack0003":{"frame":{"x":1032,"y":6172,"w":512,"h":512},"rotated":false,"trimmed":false,"spriteSourceSize":{"x":0,"y":0,"w":512,"h":512},"sourceSize":{"w":512,"h":512}},"RecycleAttack0005":{"frame":{"x":516,"y":6172,"w":512,"h":512},"rotated":false,"trimmed":false,"spriteSourceSize":{"x":0,"y":0,"w":512,"h":512},"sourceSize":{"w":512,"h":512}},"Recycle0032":{"frame":{"x":5660,"y":4644,"w":512,"h":512},"rotated":false,"trimmed":false,"spriteSourceSize":{"x":0,"y":0,"w":512,"h":512},"sourceSize":{"w":512,"h":512}},"Recycle0033":{"frame":{"x":5660,"y":4128,"w":512,"h":512},"rotated":false,"trimmed":false,"spriteSourceSize":{"x":0,"y":0,"w":512,"h":512},"sourceSize":{"w":512,"h":512}},"Recycle0035":{"frame":{"x":5144,"y":1548,"w":512,"h":512},"rotated":false,"trimmed":false,"spriteSourceSize":{"x":0,"y":0,"w":512,"h":512},"sourceSize":{"w":512,"h":512}},"RecycleAttack0001":{"frame":{"x":3096,"y":5140,"w":512,"h":512},"rotated":false,"trimmed":false,"spriteSourceSize":{"x":0,"y":0,"w":512,"h":512},"sourceSize":{"w":512,"h":512}},"RecycleAttack0006":{"frame":{"x":2064,"y":5140,"w":512,"h":512},"rotated":false,"trimmed":false,"spriteSourceSize":{"x":0,"y":0,"w":512,"h":512},"sourceSize":{"w":512,"h":512}},"Recycle0034":{"frame":{"x":4628,"y":3612,"w":512,"h":512},"rotated":false,"trimmed":false,"spriteSourceSize":{"x":0,"y":0,"w":512,"h":512},"sourceSize":{"w":512,"h":512}},"Controls":{"frame":{"x":0,"y":1028,"w":1024,"h":1024},"rotated":false,"trimmed":false,"spriteSourceSize":{"x":0,"y":0,"w":1024,"h":1024},"sourceSize":{"w":1024,"h":1024}}},"meta":{"app":"https://www.leshylabs.com/apps/sstool/","version":"Leshy SpriteSheet Tool v0.8.4","image":"spriteatlas.png","size":{"w":7204,"h":7200},"scale":1}}