<font>
    <info face="minecraftia" size="64" bold="0" italic="0" chasrset="" unicode="0" stretchH="100" smooth="1" aa="1" padding="0,0,0,0" spacing="2,2"/>
    <common lineHeight="96" base="80" scaleW="512" scaleH="512" pages="1" packed="0"/>
    <pages>
        <page id="0" file="minecraftia-black.png"/>
    </pages>
    <chars count="95">
        <char id="106" x="2" y="3" width="44" height="68" xoffset="0" yoffset="23" xadvance="48" page="0" chnl="0" letter="j"/>
        <char id="64" x="48" y="3" width="52" height="60" xoffset="0" yoffset="23" xadvance="56" page="0" chnl="0" letter="@"/>
        <char id="36" x="102" y="3" width="44" height="60" xoffset="0" yoffset="23" xadvance="48" page="0" chnl="0" letter="$"/>
        <char id="81" x="148" y="3" width="44" height="60" xoffset="0" yoffset="23" xadvance="48" page="0" chnl="0" letter="Q"/>
        <char id="37" x="194" y="3" width="44" height="60" xoffset="0" yoffset="23" xadvance="48" page="0" chnl="0" letter="%"/>
        <char id="79" x="240" y="3" width="44" height="60" xoffset="0" yoffset="23" xadvance="48" page="0" chnl="0" letter="O"/>
        <char id="71" x="286" y="3" width="44" height="60" xoffset="0" yoffset="23" xadvance="48" page="0" chnl="0" letter="G"/>
        <char id="67" x="332" y="3" width="44" height="60" xoffset="0" yoffset="23" xadvance="48" page="0" chnl="0" letter="C"/>
        <char id="38" x="378" y="3" width="44" height="60" xoffset="0" yoffset="23" xadvance="48" page="0" chnl="0" letter="&amp;"/>
        <char id="83" x="424" y="3" width="44" height="60" xoffset="0" yoffset="23" xadvance="48" page="0" chnl="0" letter="S"/>
        <char id="85" x="2" y="73" width="44" height="60" xoffset="0" yoffset="23" xadvance="48" page="0" chnl="0" letter="U"/>
        <char id="35" x="48" y="73" width="44" height="60" xoffset="0" yoffset="23" xadvance="48" page="0" chnl="0" letter="#"/>
        <char id="54" x="94" y="73" width="44" height="60" xoffset="0" yoffset="23" xadvance="48" page="0" chnl="0" letter="6"/>
        <char id="56" x="140" y="73" width="44" height="60" xoffset="0" yoffset="23" xadvance="48" page="0" chnl="0" letter="8"/>
        <char id="57" x="186" y="73" width="44" height="60" xoffset="0" yoffset="23" xadvance="48" page="0" chnl="0" letter="9"/>
        <char id="98" x="232" y="73" width="44" height="60" xoffset="0" yoffset="23" xadvance="48" page="0" chnl="0" letter="b"/>
        <char id="100" x="278" y="73" width="44" height="60" xoffset="0" yoffset="23" xadvance="48" page="0" chnl="0" letter="d"/>
        <char id="51" x="324" y="73" width="44" height="60" xoffset="0" yoffset="23" xadvance="48" page="0" chnl="0" letter="3"/>
        <char id="48" x="370" y="73" width="44" height="60" xoffset="0" yoffset="23" xadvance="48" page="0" chnl="0" letter="0"/>
        <char id="63" x="416" y="73" width="44" height="60" xoffset="0" yoffset="23" xadvance="48" page="0" chnl="0" letter="?"/>
        <char id="74" x="462" y="73" width="44" height="60" xoffset="0" yoffset="23" xadvance="48" page="0" chnl="0" letter="J"/>
        <char id="47" x="2" y="135" width="44" height="60" xoffset="0" yoffset="23" xadvance="48" page="0" chnl="0" letter="/"/>
        <char id="92" x="48" y="135" width="44" height="60" xoffset="0" yoffset="23" xadvance="48" page="0" chnl="0" letter="\"/>
        <char id="87" x="94" y="135" width="44" height="60" xoffset="0" yoffset="23" xadvance="48" page="0" chnl="0" letter="W"/>
        <char id="77" x="140" y="135" width="44" height="60" xoffset="0" yoffset="23" xadvance="48" page="0" chnl="0" letter="M"/>
        <char id="65" x="186" y="135" width="44" height="60" xoffset="0" yoffset="23" xadvance="48" page="0" chnl="0" letter="A"/>
        <char id="86" x="232" y="135" width="44" height="60" xoffset="0" yoffset="23" xadvance="48" page="0" chnl="0" letter="V"/>
        <char id="88" x="278" y="135" width="44" height="60" xoffset="0" yoffset="23" xadvance="48" page="0" chnl="0" letter="X"/>
        <char id="89" x="324" y="135" width="44" height="60" xoffset="0" yoffset="23" xadvance="48" page="0" chnl="0" letter="Y"/>
        <char id="82" x="370" y="135" width="44" height="60" xoffset="0" yoffset="23" xadvance="48" page="0" chnl="0" letter="R"/>
        <char id="68" x="416" y="135" width="44" height="60" xoffset="0" yoffset="23" xadvance="48" page="0" chnl="0" letter="D"/>
        <char id="75" x="462" y="135" width="44" height="60" xoffset="0" yoffset="23" xadvance="48" page="0" chnl="0" letter="K"/>
        <char id="78" x="2" y="197" width="44" height="60" xoffset="0" yoffset="23" xadvance="48" page="0" chnl="0" letter="N"/>
        <char id="84" x="48" y="197" width="44" height="60" xoffset="0" yoffset="23" xadvance="48" page="0" chnl="0" letter="T"/>
        <char id="90" x="94" y="197" width="44" height="60" xoffset="0" yoffset="23" xadvance="48" page="0" chnl="0" letter="Z"/>
        <char id="72" x="140" y="197" width="44" height="60" xoffset="0" yoffset="23" xadvance="48" page="0" chnl="0" letter="H"/>
        <char id="66" x="186" y="197" width="44" height="60" xoffset="0" yoffset="23" xadvance="48" page="0" chnl="0" letter="B"/>
        <char id="69" x="232" y="197" width="44" height="60" xoffset="0" yoffset="23" xadvance="48" page="0" chnl="0" letter="E"/>
        <char id="80" x="278" y="197" width="44" height="60" xoffset="0" yoffset="23" xadvance="48" page="0" chnl="0" letter="P"/>
        <char id="52" x="324" y="197" width="44" height="60" xoffset="0" yoffset="23" xadvance="48" page="0" chnl="0" letter="4"/>
        <char id="70" x="370" y="197" width="44" height="60" xoffset="0" yoffset="23" xadvance="48" page="0" chnl="0" letter="F"/>
        <char id="76" x="416" y="197" width="44" height="60" xoffset="0" yoffset="23" xadvance="48" page="0" chnl="0" letter="L"/>
        <char id="104" x="462" y="197" width="44" height="60" xoffset="0" yoffset="23" xadvance="48" page="0" chnl="0" letter="h"/>
        <char id="50" x="2" y="259" width="44" height="60" xoffset="0" yoffset="23" xadvance="48" page="0" chnl="0" letter="2"/>
        <char id="53" x="48" y="259" width="44" height="60" xoffset="0" yoffset="23" xadvance="48" page="0" chnl="0" letter="5"/>
        <char id="55" x="94" y="259" width="44" height="60" xoffset="0" yoffset="23" xadvance="48" page="0" chnl="0" letter="7"/>
        <char id="49" x="140" y="259" width="44" height="60" xoffset="0" yoffset="23" xadvance="48" page="0" chnl="0" letter="1"/>
        <char id="123" x="186" y="259" width="36" height="60" xoffset="0" yoffset="23" xadvance="40" page="0" chnl="0" letter="{"/>
        <char id="125" x="224" y="259" width="36" height="60" xoffset="0" yoffset="23" xadvance="40" page="0" chnl="0" letter="}"/>
        <char id="41" x="262" y="259" width="36" height="60" xoffset="0" yoffset="23" xadvance="40" page="0" chnl="0" letter=")"/>
        <char id="40" x="300" y="259" width="36" height="60" xoffset="0" yoffset="23" xadvance="40" page="0" chnl="0" letter="("/>
        <char id="102" x="338" y="259" width="36" height="60" xoffset="0" yoffset="23" xadvance="40" page="0" chnl="0" letter="f"/>
        <char id="107" x="376" y="259" width="36" height="60" xoffset="0" yoffset="23" xadvance="40" page="0" chnl="0" letter="k"/>
        <char id="60" x="414" y="259" width="36" height="60" xoffset="0" yoffset="23" xadvance="40" page="0" chnl="0" letter="&lt;"/>
        <char id="62" x="452" y="259" width="36" height="60" xoffset="0" yoffset="23" xadvance="40" page="0" chnl="0" letter=">"/>
        <char id="91" x="2" y="321" width="28" height="60" xoffset="0" yoffset="23" xadvance="32" page="0" chnl="0" letter="["/>
        <char id="93" x="32" y="321" width="28" height="60" xoffset="0" yoffset="23" xadvance="32" page="0" chnl="0" letter="]"/>
        <char id="73" x="62" y="321" width="28" height="60" xoffset="0" yoffset="23" xadvance="32" page="0" chnl="0" letter="I"/>
        <char id="116" x="92" y="321" width="28" height="60" xoffset="0" yoffset="23" xadvance="32" page="0" chnl="0" letter="t"/>
        <char id="108" x="122" y="321" width="20" height="60" xoffset="0" yoffset="23" xadvance="24" page="0" chnl="0" letter="l"/>
        <char id="124" x="144" y="321" width="12" height="60" xoffset="0" yoffset="23" xadvance="16" page="0" chnl="0" letter="|"/>
        <char id="33" x="158" y="321" width="12" height="60" xoffset="0" yoffset="23" xadvance="16" page="0" chnl="0" letter="!"/>
        <char id="105" x="172" y="321" width="12" height="60" xoffset="0" yoffset="23" xadvance="16" page="0" chnl="0" letter="i"/>
        <char id="59" x="186" y="321" width="12" height="60" xoffset="0" yoffset="31" xadvance="16" page="0" chnl="0" letter=";"/>
        <char id="103" x="200" y="321" width="44" height="52" xoffset="0" yoffset="39" xadvance="48" page="0" chnl="0" letter="g"/>
        <char id="121" x="246" y="321" width="44" height="52" xoffset="0" yoffset="39" xadvance="48" page="0" chnl="0" letter="y"/>
        <char id="112" x="292" y="321" width="44" height="52" xoffset="0" yoffset="39" xadvance="48" page="0" chnl="0" letter="p"/>
        <char id="113" x="338" y="321" width="44" height="52" xoffset="0" yoffset="39" xadvance="48" page="0" chnl="0" letter="q"/>
        <char id="58" x="384" y="321" width="12" height="52" xoffset="0" yoffset="31" xadvance="16" page="0" chnl="0" letter=":"/>
        <char id="101" x="398" y="321" width="44" height="44" xoffset="0" yoffset="39" xadvance="48" page="0" chnl="0" letter="e"/>
        <char id="111" x="444" y="321" width="44" height="44" xoffset="0" yoffset="39" xadvance="48" page="0" chnl="0" letter="o"/>
        <char id="97" x="2" y="383" width="44" height="44" xoffset="0" yoffset="39" xadvance="48" page="0" chnl="0" letter="a"/>
        <char id="99" x="48" y="383" width="44" height="44" xoffset="0" yoffset="39" xadvance="48" page="0" chnl="0" letter="c"/>
        <char id="115" x="94" y="383" width="44" height="44" xoffset="0" yoffset="39" xadvance="48" page="0" chnl="0" letter="s"/>
        <char id="119" x="140" y="383" width="44" height="44" xoffset="0" yoffset="39" xadvance="48" page="0" chnl="0" letter="w"/>
        <char id="109" x="186" y="383" width="44" height="44" xoffset="0" yoffset="39" xadvance="48" page="0" chnl="0" letter="m"/>
        <char id="118" x="232" y="383" width="44" height="44" xoffset="0" yoffset="39" xadvance="48" page="0" chnl="0" letter="v"/>
        <char id="120" x="278" y="383" width="44" height="44" xoffset="0" yoffset="39" xadvance="48" page="0" chnl="0" letter="x"/>
        <char id="122" x="324" y="383" width="44" height="44" xoffset="0" yoffset="39" xadvance="48" page="0" chnl="0" letter="z"/>
        <char id="110" x="370" y="383" width="44" height="44" xoffset="0" yoffset="39" xadvance="48" page="0" chnl="0" letter="n"/>
        <char id="117" x="416" y="383" width="44" height="44" xoffset="0" yoffset="39" xadvance="48" page="0" chnl="0" letter="u"/>
        <char id="114" x="462" y="383" width="44" height="44" xoffset="0" yoffset="39" xadvance="48" page="0" chnl="0" letter="r"/>
        <char id="43" x="2" y="429" width="44" height="44" xoffset="0" yoffset="31" xadvance="48" page="0" chnl="0" letter="+"/>
        <char id="61" x="48" y="429" width="44" height="36" xoffset="0" yoffset="39" xadvance="48" page="0" chnl="0" letter="="/>
        <char id="94" x="94" y="429" width="44" height="28" xoffset="0" yoffset="23" xadvance="48" page="0" chnl="0" letter="^"/>
        <char id="42" x="140" y="429" width="36" height="28" xoffset="0" yoffset="39" xadvance="40" page="0" chnl="0" letter="*"/>
        <char id="34" x="178" y="429" width="36" height="28" xoffset="0" yoffset="23" xadvance="40" page="0" chnl="0" letter="&quot;"/>
        <char id="39" x="216" y="429" width="20" height="28" xoffset="0" yoffset="23" xadvance="24" page="0" chnl="0" letter="'"/>
        <char id="96" x="238" y="429" width="20" height="28" xoffset="0" yoffset="23" xadvance="24" page="0" chnl="0" letter="`"/>
        <char id="44" x="260" y="429" width="12" height="28" xoffset="0" yoffset="63" xadvance="16" page="0" chnl="0" letter=","/>
        <char id="126" x="274" y="429" width="52" height="20" xoffset="0" yoffset="23" xadvance="56" page="0" chnl="0" letter="~"/>
        <char id="46" x="328" y="429" width="12" height="20" xoffset="0" yoffset="63" xadvance="16" page="0" chnl="0" letter="."/>
        <char id="45" x="342" y="429" width="44" height="12" xoffset="0" yoffset="47" xadvance="48" page="0" chnl="0" letter="-"/>
        <char id="95" x="388" y="429" width="44" height="12" xoffset="0" yoffset="71" xadvance="48" page="0" chnl="0" letter="_"/>
        <char id="32" x="434" y="429" width="0" height="0" xoffset="41" yoffset="100" xadvance="41" page="0" chnl="0" letter=" "/>
    </chars>
</font>
